{
  "pred_angles_deg": [
    -81.21724700927734,
    40.70589828491211,
    12.988865852355957,
    -97.12275695800781,
    -117.02799224853516,
    18.189302444458008,
    0.0
  ],
  "pred_2d": [
    [
      243.67372131347656,
      398.1907043457031
    ],
    [
      241.25222778320312,
      271.63311767578125
    ],
    [
      271.043212890625,
      147.4931182861328
    ],
    [
      301.09478759765625,
      158.21469116210938
    ],
    [
      486.7008972167969,
      238.08377075195312
    ],
    [
      538.4669799804688,
      206.42120361328125
    ],
    [
      578.5874633789062,
      267.3114013671875
    ]
  ],
  "mean_2d_error_px": 5.067794322967529,
  "gt_angles_deg": [
    3.3122475147247314,
    18.158700942993164,
    -6.050428867340088,
    -102.9829330444336,
    -15.816930770874023,
    155.74913024902344,
    53.24202346801758
  ],
  "angle_errors_deg": [
    84.52949523925781,
    22.54719352722168,
    19.039295196533203,
    5.8601789474487305,
    101.2110595703125,
    137.55984497070312,
    53.242027282714844
  ],
  "mean_angle_error_deg": 60.56987380981445,
  "mean_3d_error_mm": 760.1254272460938,
  "per_joint_3d_error_mm": [
    670.1519165039062,
    563.8837890625,
    672.333251953125,
    679.9518432617188,
    890.7283325195312,
    958.5228881835938,
    885.30615234375
  ],
  "pnp_valid": false
}