{
  "total_frames": 6396,
  "all_valid": 6396,
  "all_add_auc": 2.8947779862414015e-05,
  "all_mean_mm": 204233119.78488094,
  "all_median_mm": 982.5098514556885,
  "all_max_mm": 1205430144000.0,
  "all_std_mm": 15121855700.07391,
  "filtered_valid": 0,
  "ransac_valid": 0,
  "conf_valid": 0
}