{
  "total_frames": 6394,
  "all_valid": 6394,
  "all_add_auc": 0.0,
  "all_mean_mm": 32081089852.219448,
  "all_median_mm": 983.99618268013,
  "all_max_mm": 151666573312000.0,
  "all_std_mm": 2010843487183.9924,
  "filtered_valid": 0,
  "ransac_valid": 0,
  "conf_valid": 0
}