{
  "checkpoint": "/home/najo/NAS/DIP/DINObotPose3/TRAIN/outputs_diffusion/train_20260308_212410/epoch_060.pth",
  "data_dir": "/home/najo/NAS/DIP/2025_ICRA_Multi_View_Robot_Pose_Estimation/dataset/Converted_dataset/DREAM_to_DREAM/panda-3cam_azure",
  "num_samples": 6394,
  "num_samples_with_angles": 6394,
  "angle_mae_deg": 17.8806209564209,
  "per_joint_angle_mae_deg": [
    55.03599166870117,
    8.291096687316895,
    17.645381927490234,
    6.886301040649414,
    13.931066513061523,
    5.49399995803833
  ],
  "fk_mean_mm": 191.4475555419922,
  "per_joint_fk_mean_mm": [
    0.0,
    0.0,
    127.55845642089844,
    104.22029113769531,
    320.08612060546875,
    394.317138671875,
    393.9514465332031
  ],
  "kp2d_mean_px": 5.606295792049415,
  "per_joint_kp2d_mean_px": [
    7.188199144771482,
    4.5923290205478535,
    5.478841503749406,
    4.229281323060305,
    9.798464454135837,
    3.778282288160373,
    4.178672809920643
  ],
  "pred_fk_reproj_mean_px": 79.40312194824219,
  "per_joint_pred_fk_reproj_mean_px": [
    1.4159891179588158e-06,
    1.2400793139022426e-06,
    34.67972946166992,
    26.141923904418945,
    133.2220458984375,
    178.99339294433594,
    182.78399658203125
  ]
}